0,2.5
1,-26.25
2,273.125
3,-2841.56
4,29563.3
5,-307573
6,3.19995e+06
7,-3.32919e+07
8,3.46365e+08
9,-3.60354e+09
10,3.74908e+10
11,-3.9005e+11
12,4.05804e+12
13,-4.22193e+13
14,4.39245e+14
15,-4.56985e+15
16,4.75442e+16
17,-4.94644e+17
18,5.14622e+18
19,-5.35407e+19
20,5.57031e+20
21,-5.79528e+21
22,6.02934e+22
23,-6.27286e+23
24,6.52621e+24
25,-6.78979e+25
26,7.06402e+26
27,-7.34932e+27
28,7.64615e+28
29,-7.95496e+29
30,8.27625e+30
31,-8.61051e+31
32,8.95827e+32
33,-9.32008e+33
34,9.6965e+34
35,-1.00881e+36
36,1.04956e+37
