0,0.0961538
1,-0.0850592
2,0.0768804
3,-0.0694566
4,0.0627503
5,-0.0566914
6,0.0512176
7,-0.0462723
8,0.0418045
9,-0.0377681
10,0.0341214
11,-0.0308268
12,0.0278503
13,-0.0251613
14,0.0227318
15,-0.020537
16,0.018554
17,-0.0167625
18,0.015144
19,-0.0136818
20,0.0123608
21,-0.0111673
22,0.010089
23,-0.00911489
24,0.0082348
25,-0.00743969
26,0.00672136
27,-0.00607238
28,0.00548606
29,-0.00495636
30,0.0044778
31,-0.00404545
32,0.00365484
33,-0.00330195
34,0.00298313
35,-0.00269509
36,0.00243487
37,-0.00219977
38,0.00198737
39,-0.00179548
40,0.00162212
41,-0.0014655
42,0.001324
43,-0.00119616
44,0.00108066
45,-0.000976321
46,0.000882053
47,-0.000796886
48,0.000719943
49,-0.000650429
50,0.000587627
51,-0.000530889
52,0.000479629
53,-0.000433319
54,0.00039148
55,-0.000353681
56,0.000319531
57,-0.000288679
58,0.000260806
59,-0.000235624
60,0.000212873
61,-0.000192319
62,0.00017375
63,-0.000156974
64,0.000141817
65,-0.000128124
66,0.000115753
67,-0.000104576
68,9.44791e-05
69,-8.53567e-05
70,7.71151e-05
71,-6.96693e-05
72,6.29424e-05
73,-5.6865e-05
74,5.13745e-05
75,-4.6414e-05
76,4.19325e-05
77,-3.78837e-05
78,3.42259e-05
79,-3.09212e-05
80,2.79356e-05
81,-2.52383e-05
82,2.28014e-05
83,-2.05998e-05
84,1.86108e-05
85,-1.68139e-05
86,1.51904e-05
87,-1.37237e-05
88,1.23986e-05
89,-1.12015e-05
90,1.01199e-05
91,-9.1428e-06
92,8.26002e-06
93,-7.46247e-06
94,6.74194e-06
95,-6.09097e-06
96,5.50286e-06
97,-4.97153e-06
98,4.49151e-06
99,-4.05783e-06
100,3.66603e-06
101,-3.31206e-06
102,2.99226e-06
103,-2.70335e-06
104,2.44233e-06
105,-2.20651e-06
106,1.99346e-06
107,-1.80098e-06
108,1.62709e-06
109,-1.46999e-06
110,1.32805e-06
111,-1.19982e-06
112,1.08397e-06
113,-9.79311e-07
114,8.84754e-07
115,-7.99327e-07
116,7.22148e-07
117,-6.52421e-07
118,5.89427e-07
119,-5.32515e-07
120,4.81098e-07
121,-4.34646e-07
122,3.92679e-07
123,-3.54764e-07
124,3.2051e-07
125,-2.89563e-07
126,2.61604e-07
127,-2.36345e-07
128,2.13525e-07
129,-1.92908e-07
130,1.74282e-07
131,-1.57454e-07
132,1.42251e-07
133,-1.28516e-07
134,1.16107e-07
135,-1.04897e-07
136,9.47684e-08
137,-8.56181e-08
138,7.73513e-08
139,-6.98826e-08
140,6.31351e-08
141,-5.70392e-08
142,5.15318e-08
143,-4.65561e-08
144,4.20609e-08
145,-3.79997e-08
146,3.43307e-08
147,-3.10159e-08
148,2.80212e-08
149,-2.53156e-08
150,2.28713e-08
151,-2.06629e-08
152,1.86678e-08
153,-1.68654e-08
154,1.52369e-08
155,-1.37657e-08
156,1.24366e-08
157,-1.12358e-08
158,1.01509e-08
159,-9.17079e-09
160,8.28531e-09
161,-7.48533e-09
162,6.76258e-09
163,-6.10962e-09
164,5.51971e-09
165,-4.98676e-09
166,4.50526e-09
167,-4.07026e-09
168,3.67726e-09
169,-3.3222e-09
170,3.00143e-09
171,-2.71162e-09
172,2.4498e-09
173,-2.21326e-09
174,1.99956e-09
175,-1.8065e-09
176,1.63207e-09
177,-1.47449e-09
178,1.33212e-09
179,-1.2035e-09
180,1.08729e-09
181,-9.8231e-10
182,8.87463e-10
183,-8.01774e-10
184,7.24359e-10
185,-6.54419e-10
186,5.91232e-10
187,-5.34146e-10
188,4.82571e-10
189,-4.35977e-10
190,3.93881e-10
191,-3.5585e-10
192,3.21491e-10
193,-2.9045e-10
194,2.62405e-10
195,-2.37069e-10
196,2.14179e-10
197,-1.93499e-10
198,1.74816e-10
199,-1.57936e-10
200,1.42687e-10
